,map_simple_use,premise_age,height_bucket,weighted_average_floor_count
2,Mixed Use,1837-1869,3-4m,2.0
3,Mixed Use,1837-1869,4-5m,1.5
4,Mixed Use,1837-1869,5-6m,2.0
5,Mixed Use,1837-1869,6-7m,1.9
6,Mixed Use,1837-1869,7-8m,2.372093023255814
7,Mixed Use,1837-1869,8-9m,2.0
8,Mixed Use,1837-1869,9-10m,2.09
9,Mixed Use,1837-1869,10-12m,2.4453125
10,Mixed Use,1837-1869,12-14m,2.7217391304347824
11,Mixed Use,1837-1869,14-18m,3.2845528455284554
12,Mixed Use,1837-1869,18-20m,3.9565217391304346
13,Mixed Use,1837-1869,20-30m,4.17910447761194
14,Mixed Use,1837-1869,30-40m,4.0
15,Mixed Use,1837-1869,40-50m,4.5
37,Mixed Use,1870-1918,2-3m,2.0
38,Mixed Use,1870-1918,3-4m,1.4727272727272727
39,Mixed Use,1870-1918,4-5m,2.0294117647058822
40,Mixed Use,1870-1918,5-6m,1.731958762886598
41,Mixed Use,1870-1918,6-7m,1.9923076923076923
42,Mixed Use,1870-1918,7-8m,2.0703764320785596
43,Mixed Use,1870-1918,8-9m,2.078402366863905
44,Mixed Use,1870-1918,9-10m,2.107374856706152
45,Mixed Use,1870-1918,10-12m,2.5338148391332895
46,Mixed Use,1870-1918,12-14m,3.013480392156863
47,Mixed Use,1870-1918,14-18m,3.3748271092669433
48,Mixed Use,1870-1918,18-20m,4.122448979591836
49,Mixed Use,1870-1918,20-30m,4.348360655737705
50,Mixed Use,1870-1918,30-40m,4.9375
51,Mixed Use,1870-1918,40-50m,5.6
52,Mixed Use,1870-1918,50-100m,2.0
54,Mixed Use,1919-1944,0-2m,2.2564102564102564
55,Mixed Use,1919-1944,2-3m,2.1354166666666665
56,Mixed Use,1919-1944,3-4m,2.2664692820133236
57,Mixed Use,1919-1944,4-5m,2.2579098753595397
58,Mixed Use,1919-1944,5-6m,2.169246646026832
59,Mixed Use,1919-1944,6-7m,2.155566600397614
60,Mixed Use,1919-1944,7-8m,2.0827119819663604
61,Mixed Use,1919-1944,8-9m,2.091491171026962
62,Mixed Use,1919-1944,9-10m,2.166246118012422
63,Mixed Use,1919-1944,10-12m,2.42040679730785
64,Mixed Use,1919-1944,12-14m,2.742605487115396
65,Mixed Use,1919-1944,14-18m,3.076963706330642
66,Mixed Use,1919-1944,18-20m,3.5176415970287835
67,Mixed Use,1919-1944,20-30m,3.75399889685604
68,Mixed Use,1919-1944,30-40m,4.798283261802575
69,Mixed Use,1919-1944,40-50m,5.5
70,Mixed Use,1919-1944,50-100m,2.6929133858267718
71,Mixed Use,1919-1944,100-200m,2.0
75,Mixed Use,"1919-1944,1945-1959",4-5m,2.0
76,Mixed Use,"1919-1944,1945-1959",5-6m,2.0
77,Mixed Use,"1919-1944,1945-1959",6-7m,1.875
78,Mixed Use,"1919-1944,1945-1959",7-8m,2.076923076923077
79,Mixed Use,"1919-1944,1945-1959",8-9m,2.0384615384615383
80,Mixed Use,"1919-1944,1945-1959",9-10m,2.0588235294117645
81,Mixed Use,"1919-1944,1945-1959",10-12m,2.215686274509804
82,Mixed Use,"1919-1944,1945-1959",12-14m,2.75
83,Mixed Use,"1919-1944,1945-1959",14-18m,2.8048780487804876
84,Mixed Use,"1919-1944,1945-1959",18-20m,3.4
85,Mixed Use,"1919-1944,1945-1959",20-30m,3.4545454545454546
86,Mixed Use,"1919-1944,1945-1959",30-40m,5.0
98,Mixed Use,"1919-1944,1945-1959,1980-1989",9-10m,2.0
100,Mixed Use,"1919-1944,1945-1959,1980-1989",12-14m,1.0
103,Mixed Use,"1919-1944,1945-1959,1980-1989",20-30m,2.0
104,Mixed Use,"1919-1944,1945-1959,1980-1989",30-40m,5.0
121,Mixed Use,"1919-1944,1945-1959,1980-1989,Pre 1919",20-30m,3.0
152,Mixed Use,"1919-1944,1945-1959,1990-1999",9-10m,2.0
204,Mixed Use,"1919-1944,1945-1959,Pre 1919",7-8m,1.6666666666666667
205,Mixed Use,"1919-1944,1945-1959,Pre 1919",8-9m,2.5
206,Mixed Use,"1919-1944,1945-1959,Pre 1919",9-10m,2.0
207,Mixed Use,"1919-1944,1945-1959,Pre 1919",10-12m,2.25
208,Mixed Use,"1919-1944,1945-1959,Pre 1919",12-14m,2.6666666666666665
209,Mixed Use,"1919-1944,1945-1959,Pre 1919",14-18m,2.6666666666666665
210,Mixed Use,"1919-1944,1945-1959,Pre 1919",18-20m,2.75
211,Mixed Use,"1919-1944,1945-1959,Pre 1919",20-30m,2.75
214,Mixed Use,"1919-1944,1945-1959,Pre 1919",50-100m,6.0
256,Mixed Use,"1919-1944,1960-1979",5-6m,2.0
258,Mixed Use,"1919-1944,1960-1979",7-8m,2.0
259,Mixed Use,"1919-1944,1960-1979",8-9m,2.0
260,Mixed Use,"1919-1944,1960-1979",9-10m,2.08
261,Mixed Use,"1919-1944,1960-1979",10-12m,2.28
262,Mixed Use,"1919-1944,1960-1979",12-14m,2.6875
263,Mixed Use,"1919-1944,1960-1979",14-18m,2.5
264,Mixed Use,"1919-1944,1960-1979",18-20m,4.0
265,Mixed Use,"1919-1944,1960-1979",20-30m,6.333333333333333
266,Mixed Use,"1919-1944,1960-1979",30-40m,2.0
268,Mixed Use,"1919-1944,1960-1979",50-100m,2.0
276,Mixed Use,"1919-1944,1980-1989",7-8m,2.0
277,Mixed Use,"1919-1944,1980-1989",8-9m,1.8888888888888888
278,Mixed Use,"1919-1944,1980-1989",9-10m,2.0
279,Mixed Use,"1919-1944,1980-1989",10-12m,2.2222222222222223
280,Mixed Use,"1919-1944,1980-1989",12-14m,2.5
281,Mixed Use,"1919-1944,1980-1989",14-18m,2.75
282,Mixed Use,"1919-1944,1980-1989",18-20m,3.3333333333333335
283,Mixed Use,"1919-1944,1980-1989",20-30m,3.857142857142857
284,Mixed Use,"1919-1944,1980-1989",30-40m,5.0
286,Mixed Use,"1919-1944,1980-1989",50-100m,4.0
297,Mixed Use,"1919-1944,1980-1989,Pre 1919",10-12m,2.0
299,Mixed Use,"1919-1944,1980-1989,Pre 1919",14-18m,2.5
301,Mixed Use,"1919-1944,1980-1989,Pre 1919",20-30m,5.0
347,Mixed Use,"1919-1944,1990-1999",6-7m,3.0
348,Mixed Use,"1919-1944,1990-1999",7-8m,2.0
349,Mixed Use,"1919-1944,1990-1999",8-9m,2.0
350,Mixed Use,"1919-1944,1990-1999",9-10m,2.2
351,Mixed Use,"1919-1944,1990-1999",10-12m,2.0
383,Mixed Use,"1919-1944,Post 1999",6-7m,2.0
385,Mixed Use,"1919-1944,Post 1999",8-9m,1.75
386,Mixed Use,"1919-1944,Post 1999",9-10m,2.0
387,Mixed Use,"1919-1944,Post 1999",10-12m,2.0
388,Mixed Use,"1919-1944,Post 1999",12-14m,2.0
390,Mixed Use,"1919-1944,Post 1999",18-20m,2.0
400,Mixed Use,"1919-1944,Pre 1919",5-6m,2.2
401,Mixed Use,"1919-1944,Pre 1919",6-7m,2.0
402,Mixed Use,"1919-1944,Pre 1919",7-8m,2.1739130434782608
403,Mixed Use,"1919-1944,Pre 1919",8-9m,2.1346153846153846
404,Mixed Use,"1919-1944,Pre 1919",9-10m,2.0232558139534884
405,Mixed Use,"1919-1944,Pre 1919",10-12m,2.2888888888888888
406,Mixed Use,"1919-1944,Pre 1919",12-14m,2.608695652173913
407,Mixed Use,"1919-1944,Pre 1919",14-18m,2.8255813953488373
408,Mixed Use,"1919-1944,Pre 1919",18-20m,3.15
409,Mixed Use,"1919-1944,Pre 1919",20-30m,3.6666666666666665
410,Mixed Use,"1919-1944,Pre 1919",30-40m,4.631578947368421
412,Mixed Use,"1919-1944,Pre 1919",50-100m,3.5
443,Mixed Use,"1919-1944,Unknown date",14-18m,2.0
450,Mixed Use,1945-1959,0-2m,1.8484848484848484
451,Mixed Use,1945-1959,2-3m,2.268292682926829
452,Mixed Use,1945-1959,3-4m,2.372801875732708
453,Mixed Use,1945-1959,4-5m,2.327313769751693
454,Mixed Use,1945-1959,5-6m,2.949425287356322
455,Mixed Use,1945-1959,6-7m,2.063100137174211
456,Mixed Use,1945-1959,7-8m,2.142857142857143
457,Mixed Use,1945-1959,8-9m,2.1710493363385925
458,Mixed Use,1945-1959,9-10m,2.294874544284795
459,Mixed Use,1945-1959,10-12m,2.6343973120537587
460,Mixed Use,1945-1959,12-14m,2.847274085138163
461,Mixed Use,1945-1959,14-18m,2.907919847328244
462,Mixed Use,1945-1959,18-20m,3.4149377593360994
463,Mixed Use,1945-1959,20-30m,4.091025641025641
464,Mixed Use,1945-1959,30-40m,4.425925925925926
465,Mixed Use,1945-1959,40-50m,5.732673267326732
466,Mixed Use,1945-1959,50-100m,4.318681318681318
488,Mixed Use,"1945-1959,1980-1989",3-4m,1.0
489,Mixed Use,"1945-1959,1980-1989",4-5m,2.0
491,Mixed Use,"1945-1959,1980-1989",6-7m,2.0
492,Mixed Use,"1945-1959,1980-1989",7-8m,1.8333333333333333
493,Mixed Use,"1945-1959,1980-1989",8-9m,1.5454545454545454
494,Mixed Use,"1945-1959,1980-1989",9-10m,2.1176470588235294
495,Mixed Use,"1945-1959,1980-1989",10-12m,2.260869565217391
496,Mixed Use,"1945-1959,1980-1989",12-14m,2.6842105263157894
497,Mixed Use,"1945-1959,1980-1989",14-18m,2.869565217391304
498,Mixed Use,"1945-1959,1980-1989",18-20m,2.4
499,Mixed Use,"1945-1959,1980-1989",20-30m,3.1538461538461537
500,Mixed Use,"1945-1959,1980-1989",30-40m,3.6666666666666665
502,Mixed Use,"1945-1959,1980-1989",50-100m,2.0
510,Mixed Use,"1945-1959,1980-1989,Pre 1919",7-8m,2.0
512,Mixed Use,"1945-1959,1980-1989,Pre 1919",9-10m,2.0
513,Mixed Use,"1945-1959,1980-1989,Pre 1919",10-12m,2.0
514,Mixed Use,"1945-1959,1980-1989,Pre 1919",12-14m,3.5
515,Mixed Use,"1945-1959,1980-1989,Pre 1919",14-18m,2.6
517,Mixed Use,"1945-1959,1980-1989,Pre 1919",20-30m,2.5
518,Mixed Use,"1945-1959,1980-1989,Pre 1919",30-40m,5.0
564,Mixed Use,"1945-1959,1990-1999",7-8m,2.0
565,Mixed Use,"1945-1959,1990-1999",8-9m,2.0
566,Mixed Use,"1945-1959,1990-1999",9-10m,2.0
567,Mixed Use,"1945-1959,1990-1999",10-12m,2.2
568,Mixed Use,"1945-1959,1990-1999",12-14m,3.0
569,Mixed Use,"1945-1959,1990-1999",14-18m,3.0
570,Mixed Use,"1945-1959,1990-1999",18-20m,2.0
572,Mixed Use,"1945-1959,1990-1999",30-40m,5.0
584,Mixed Use,"1945-1959,1990-1999,Pre 1919",9-10m,2.0
587,Mixed Use,"1945-1959,1990-1999,Pre 1919",14-18m,3.0
617,Mixed Use,"1945-1959,Post 1999",6-7m,1.0
618,Mixed Use,"1945-1959,Post 1999",7-8m,2.0
619,Mixed Use,"1945-1959,Post 1999",8-9m,1.0
620,Mixed Use,"1945-1959,Post 1999",9-10m,2.0
621,Mixed Use,"1945-1959,Post 1999",10-12m,2.0
622,Mixed Use,"1945-1959,Post 1999",12-14m,3.0
623,Mixed Use,"1945-1959,Post 1999",14-18m,3.0
625,Mixed Use,"1945-1959,Post 1999",20-30m,2.6666666666666665
650,Mixed Use,"1945-1959,Pre 1919",3-4m,2.0
651,Mixed Use,"1945-1959,Pre 1919",4-5m,2.0
652,Mixed Use,"1945-1959,Pre 1919",5-6m,2.25
653,Mixed Use,"1945-1959,Pre 1919",6-7m,2.0476190476190474
654,Mixed Use,"1945-1959,Pre 1919",7-8m,1.9743589743589745
655,Mixed Use,"1945-1959,Pre 1919",8-9m,2.0618556701030926
656,Mixed Use,"1945-1959,Pre 1919",9-10m,2.116279069767442
657,Mixed Use,"1945-1959,Pre 1919",10-12m,2.2134831460674156
658,Mixed Use,"1945-1959,Pre 1919",12-14m,2.5704697986577183
659,Mixed Use,"1945-1959,Pre 1919",14-18m,2.876923076923077
660,Mixed Use,"1945-1959,Pre 1919",18-20m,3.0217391304347827
661,Mixed Use,"1945-1959,Pre 1919",20-30m,3.7333333333333334
662,Mixed Use,"1945-1959,Pre 1919",30-40m,4.777777777777778
663,Mixed Use,"1945-1959,Pre 1919",40-50m,4.625
664,Mixed Use,"1945-1959,Pre 1919",50-100m,3.4
691,Mixed Use,"1945-1959,Unknown date",8-9m,1.0
692,Mixed Use,"1945-1959,Unknown date",9-10m,1.0
697,Mixed Use,"1945-1959,Unknown date",20-30m,1.0
703,Mixed Use,1960-1979,2-3m,1.5
704,Mixed Use,1960-1979,3-4m,1.9666666666666666
705,Mixed Use,1960-1979,4-5m,2.081967213114754
706,Mixed Use,1960-1979,5-6m,1.7894736842105263
707,Mixed Use,1960-1979,6-7m,1.977142857142857
708,Mixed Use,1960-1979,7-8m,2.033613445378151
709,Mixed Use,1960-1979,8-9m,2.1395598497047774
710,Mixed Use,1960-1979,9-10m,2.2763684913217626
711,Mixed Use,1960-1979,10-12m,2.641445126107703
712,Mixed Use,1960-1979,12-14m,2.730769230769231
713,Mixed Use,1960-1979,14-18m,2.9944237918215615
714,Mixed Use,1960-1979,18-20m,3.5533980582524274
715,Mixed Use,1960-1979,20-30m,3.4864864864864864
716,Mixed Use,1960-1979,30-40m,5.166666666666667
717,Mixed Use,1960-1979,40-50m,5.285714285714286
718,Mixed Use,1960-1979,50-100m,3.0444444444444443
774,Mixed Use,1980-1989,0-2m,3.2
775,Mixed Use,1980-1989,2-3m,2.142857142857143
776,Mixed Use,1980-1989,3-4m,2.0442477876106193
777,Mixed Use,1980-1989,4-5m,2.049645390070922
778,Mixed Use,1980-1989,5-6m,2.239669421487603
779,Mixed Use,1980-1989,6-7m,2.2468354430379747
780,Mixed Use,1980-1989,7-8m,2.170028818443804
781,Mixed Use,1980-1989,8-9m,2.2276029055690074
782,Mixed Use,1980-1989,9-10m,2.436695278969957
783,Mixed Use,1980-1989,10-12m,2.7243186582809225
784,Mixed Use,1980-1989,12-14m,3.2707253886010363
785,Mixed Use,1980-1989,14-18m,3.6466729147141517
786,Mixed Use,1980-1989,18-20m,4.184210526315789
787,Mixed Use,1980-1989,20-30m,5.174834437086092
788,Mixed Use,1980-1989,30-40m,6.815450643776824
789,Mixed Use,1980-1989,40-50m,8.123456790123457
790,Mixed Use,1980-1989,50-100m,8.389473684210527
791,Mixed Use,1980-1989,100-200m,17.8
830,Mixed Use,"1980-1989,Pre 1919",3-4m,2.0
831,Mixed Use,"1980-1989,Pre 1919",4-5m,3.0
832,Mixed Use,"1980-1989,Pre 1919",5-6m,3.0
833,Mixed Use,"1980-1989,Pre 1919",6-7m,1.6
834,Mixed Use,"1980-1989,Pre 1919",7-8m,2.0
835,Mixed Use,"1980-1989,Pre 1919",8-9m,2.088235294117647
836,Mixed Use,"1980-1989,Pre 1919",9-10m,2.2615384615384615
837,Mixed Use,"1980-1989,Pre 1919",10-12m,2.4305555555555554
838,Mixed Use,"1980-1989,Pre 1919",12-14m,2.810344827586207
839,Mixed Use,"1980-1989,Pre 1919",14-18m,3.0851063829787235
840,Mixed Use,"1980-1989,Pre 1919",18-20m,3.3076923076923075
841,Mixed Use,"1980-1989,Pre 1919",20-30m,3.9047619047619047
842,Mixed Use,"1980-1989,Pre 1919",30-40m,5.0
843,Mixed Use,"1980-1989,Pre 1919",40-50m,3.5
844,Mixed Use,"1980-1989,Pre 1919",50-100m,5.0
884,Mixed Use,1990-1999,3-4m,1.7857142857142858
885,Mixed Use,1990-1999,4-5m,1.8333333333333333
886,Mixed Use,1990-1999,5-6m,1.826086956521739
887,Mixed Use,1990-1999,6-7m,3.652173913043478
888,Mixed Use,1990-1999,7-8m,2.1
889,Mixed Use,1990-1999,8-9m,2.1543942992874108
890,Mixed Use,1990-1999,9-10m,2.2466666666666666
891,Mixed Use,1990-1999,10-12m,2.6657894736842107
892,Mixed Use,1990-1999,12-14m,3.107476635514019
893,Mixed Use,1990-1999,14-18m,3.4104046242774566
894,Mixed Use,1990-1999,18-20m,3.870967741935484
895,Mixed Use,1990-1999,20-30m,5.037037037037037
896,Mixed Use,1990-1999,30-40m,10.4
897,Mixed Use,1990-1999,40-50m,6.0
898,Mixed Use,1990-1999,50-100m,9.833333333333334
941,Mixed Use,"1990-1999,Pre 1919",6-7m,2.0
942,Mixed Use,"1990-1999,Pre 1919",7-8m,2.0
943,Mixed Use,"1990-1999,Pre 1919",8-9m,2.0
944,Mixed Use,"1990-1999,Pre 1919",9-10m,1.8
945,Mixed Use,"1990-1999,Pre 1919",10-12m,2.3
946,Mixed Use,"1990-1999,Pre 1919",12-14m,2.375
947,Mixed Use,"1990-1999,Pre 1919",14-18m,2.909090909090909
948,Mixed Use,"1990-1999,Pre 1919",18-20m,3.5
949,Mixed Use,"1990-1999,Pre 1919",20-30m,3.4
972,Mixed Use,Post 1999,0-2m,2.0
973,Mixed Use,Post 1999,2-3m,2.0
974,Mixed Use,Post 1999,3-4m,3.061224489795918
975,Mixed Use,Post 1999,4-5m,2.3
976,Mixed Use,Post 1999,5-6m,3.372549019607843
977,Mixed Use,Post 1999,6-7m,2.0294117647058822
978,Mixed Use,Post 1999,7-8m,2.327485380116959
979,Mixed Use,Post 1999,8-9m,2.23019801980198
980,Mixed Use,Post 1999,9-10m,2.2793478260869566
981,Mixed Use,Post 1999,10-12m,2.898448519040903
982,Mixed Use,Post 1999,12-14m,3.103671706263499
983,Mixed Use,Post 1999,14-18m,3.526315789473684
984,Mixed Use,Post 1999,18-20m,4.451219512195122
985,Mixed Use,Post 1999,20-30m,5.357954545454546
986,Mixed Use,Post 1999,30-40m,6.581818181818182
987,Mixed Use,Post 1999,40-50m,10.277777777777779
988,Mixed Use,Post 1999,50-100m,14.083333333333334
989,Mixed Use,Post 1999,100-200m,23.0
998,Mixed Use,"Post 1999,Pre 1919",9-10m,2.0
999,Mixed Use,"Post 1999,Pre 1919",10-12m,3.0
1000,Mixed Use,"Post 1999,Pre 1919",12-14m,3.0
1003,Mixed Use,"Post 1999,Pre 1919",20-30m,5.0
1026,Mixed Use,Pre 1837,0-2m,2.0
1028,Mixed Use,Pre 1837,3-4m,1.875
1029,Mixed Use,Pre 1837,4-5m,2.1666666666666665
1030,Mixed Use,Pre 1837,5-6m,1.6774193548387097
1031,Mixed Use,Pre 1837,6-7m,2.125
1032,Mixed Use,Pre 1837,7-8m,2.1198347107438016
1033,Mixed Use,Pre 1837,8-9m,2.1252955082742315
1034,Mixed Use,Pre 1837,9-10m,2.243732590529248
1035,Mixed Use,Pre 1837,10-12m,2.6955602536997887
1036,Mixed Use,Pre 1837,12-14m,3.0452446906740533
1037,Mixed Use,Pre 1837,14-18m,3.4679089026915113
1038,Mixed Use,Pre 1837,18-20m,3.9622641509433962
1039,Mixed Use,Pre 1837,20-30m,3.967289719626168
1040,Mixed Use,Pre 1837,30-40m,3.7142857142857144
1041,Mixed Use,Pre 1837,40-50m,5.5
1042,Mixed Use,Pre 1837,50-100m,10.0
1044,Mixed Use,Pre 1919,0-2m,2.3230769230769233
1045,Mixed Use,Pre 1919,2-3m,2.251655629139073
1046,Mixed Use,Pre 1919,3-4m,2.3653007846556235
1047,Mixed Use,Pre 1919,4-5m,2.286158631415241
1048,Mixed Use,Pre 1919,5-6m,2.267857142857143
1049,Mixed Use,Pre 1919,6-7m,2.179060665362035
1050,Mixed Use,Pre 1919,7-8m,2.1269035532994924
1051,Mixed Use,Pre 1919,8-9m,2.116386925795053
1052,Mixed Use,Pre 1919,9-10m,2.1905885437147727
1053,Mixed Use,Pre 1919,10-12m,2.403766413268832
1054,Mixed Use,Pre 1919,12-14m,2.7966339410939693
1055,Mixed Use,Pre 1919,14-18m,3.0989805375347546
1056,Mixed Use,Pre 1919,18-20m,3.415261044176707
1057,Mixed Use,Pre 1919,20-30m,3.7938575333654927
1058,Mixed Use,Pre 1919,30-40m,4.437445319335083
1059,Mixed Use,Pre 1919,40-50m,4.536082474226804
1060,Mixed Use,Pre 1919,50-100m,4.233870967741935
1061,Mixed Use,Pre 1919,100-200m,4.333333333333333
1069,Mixed Use,"Pre 1919,Unknown date",8-9m,2.0
1073,Mixed Use,"Pre 1919,Unknown date",14-18m,2.0
1075,Mixed Use,"Pre 1919,Unknown date",20-30m,4.0
1080,Mixed Use,Unknown date,0-2m,2.2
1081,Mixed Use,Unknown date,2-3m,1.75
1082,Mixed Use,Unknown date,3-4m,1.3685344827586208
1083,Mixed Use,Unknown date,4-5m,1.838862559241706
1084,Mixed Use,Unknown date,5-6m,1.847457627118644
1085,Mixed Use,Unknown date,6-7m,1.8828967642526964
1086,Mixed Use,Unknown date,7-8m,1.9968725566849101
1087,Mixed Use,Unknown date,8-9m,2.090620947990203
1088,Mixed Use,Unknown date,9-10m,2.129909827296347
1089,Mixed Use,Unknown date,10-12m,2.7715462610899873
1090,Mixed Use,Unknown date,12-14m,3.2376747608535688
1091,Mixed Use,Unknown date,14-18m,3.9554317548746516
1092,Mixed Use,Unknown date,18-20m,4.847058823529411
1093,Mixed Use,Unknown date,20-30m,4.790123456790123
1094,Mixed Use,Unknown date,30-40m,3.875
1096,Mixed Use,Unknown date,50-100m,18.0
1100,Non Residential,1837-1869,3-4m,1.8181818181818181
1101,Non Residential,1837-1869,4-5m,1.5
1102,Non Residential,1837-1869,5-6m,1.2777777777777777
1103,Non Residential,1837-1869,6-7m,1.4782608695652173
1104,Non Residential,1837-1869,7-8m,2.1
1105,Non Residential,1837-1869,8-9m,1.5977011494252873
1106,Non Residential,1837-1869,9-10m,1.7076923076923076
1107,Non Residential,1837-1869,10-12m,1.803921568627451
1108,Non Residential,1837-1869,12-14m,2.087378640776699
1109,Non Residential,1837-1869,14-18m,2.5714285714285716
1110,Non Residential,1837-1869,18-20m,2.5555555555555554
1111,Non Residential,1837-1869,20-30m,3.76056338028169
1112,Non Residential,1837-1869,30-40m,4.130434782608695
1113,Non Residential,1837-1869,40-50m,3.0
1114,Non Residential,1837-1869,50-100m,4.0
1125,Non Residential,"1837-1869,Pre 1919",10-12m,2.0
1134,Non Residential,1870-1918,0-2m,1.16
1135,Non Residential,1870-1918,2-3m,1.16
1136,Non Residential,1870-1918,3-4m,1.9580838323353293
1137,Non Residential,1870-1918,4-5m,1.7142857142857142
1138,Non Residential,1870-1918,5-6m,1.6686046511627908
1139,Non Residential,1870-1918,6-7m,1.8426573426573427
1140,Non Residential,1870-1918,7-8m,1.910089224433768
1141,Non Residential,1870-1918,8-9m,1.9141772151898735
1142,Non Residential,1870-1918,9-10m,1.9306147291539866
1143,Non Residential,1870-1918,10-12m,2.0442692540933898
1144,Non Residential,1870-1918,12-14m,2.7291338582677165
1145,Non Residential,1870-1918,14-18m,2.8072519083969465
1146,Non Residential,1870-1918,18-20m,3.230769230769231
1147,Non Residential,1870-1918,20-30m,3.9945355191256833
1148,Non Residential,1870-1918,30-40m,4.038461538461538
1149,Non Residential,1870-1918,40-50m,3.5
1150,Non Residential,1870-1918,50-100m,4.818181818181818
1152,Non Residential,1919-1944,0-2m,1.3533834586466165
1153,Non Residential,1919-1944,2-3m,1.2658959537572254
1154,Non Residential,1919-1944,3-4m,1.5566629752676264
1155,Non Residential,1919-1944,4-5m,1.4260237780713343
1156,Non Residential,1919-1944,5-6m,1.327917282127031
1157,Non Residential,1919-1944,6-7m,1.4878825402441183
1158,Non Residential,1919-1944,7-8m,1.6904191616766466
1159,Non Residential,1919-1944,8-9m,1.730922751819676
1160,Non Residential,1919-1944,9-10m,1.8367099312424164
1161,Non Residential,1919-1944,10-12m,2.084160942100098
1162,Non Residential,1919-1944,12-14m,2.3601464682258446
1163,Non Residential,1919-1944,14-18m,2.4885204777226373
1164,Non Residential,1919-1944,18-20m,2.7223550508069336
1165,Non Residential,1919-1944,20-30m,3.2772867420349434
1166,Non Residential,1919-1944,30-40m,3.9757575757575756
1167,Non Residential,1919-1944,40-50m,4.337078651685394
1168,Non Residential,1919-1944,50-100m,3.3515625
1169,Non Residential,1919-1944,100-200m,3.28
1171,Non Residential,"1919-1944,1945-1959",2-3m,2.0
1172,Non Residential,"1919-1944,1945-1959",3-4m,1.027027027027027
1173,Non Residential,"1919-1944,1945-1959",4-5m,1.069767441860465
1174,Non Residential,"1919-1944,1945-1959",5-6m,1.0348837209302326
1175,Non Residential,"1919-1944,1945-1959",6-7m,1.113821138211382
1176,Non Residential,"1919-1944,1945-1959",7-8m,1.050314465408805
1177,Non Residential,"1919-1944,1945-1959",8-9m,1.1244813278008299
1178,Non Residential,"1919-1944,1945-1959",9-10m,1.1656050955414012
1179,Non Residential,"1919-1944,1945-1959",10-12m,1.3307392996108949
1180,Non Residential,"1919-1944,1945-1959",12-14m,1.4430379746835442
1181,Non Residential,"1919-1944,1945-1959",14-18m,1.5276073619631902
1182,Non Residential,"1919-1944,1945-1959",18-20m,2.0454545454545454
1183,Non Residential,"1919-1944,1945-1959",20-30m,2.784313725490196
1184,Non Residential,"1919-1944,1945-1959",30-40m,3.7777777777777777
1190,Non Residential,"1919-1944,1945-1959,1980-1989",3-4m,1.0
1191,Non Residential,"1919-1944,1945-1959,1980-1989",4-5m,1.0
1192,Non Residential,"1919-1944,1945-1959,1980-1989",5-6m,1.1428571428571428
1193,Non Residential,"1919-1944,1945-1959,1980-1989",6-7m,1.0
1194,Non Residential,"1919-1944,1945-1959,1980-1989",7-8m,1.125
1195,Non Residential,"1919-1944,1945-1959,1980-1989",8-9m,1.0625
1196,Non Residential,"1919-1944,1945-1959,1980-1989",9-10m,1.0606060606060606
1197,Non Residential,"1919-1944,1945-1959,1980-1989",10-12m,1.1935483870967742
1198,Non Residential,"1919-1944,1945-1959,1980-1989",12-14m,1.0869565217391304
1199,Non Residential,"1919-1944,1945-1959,1980-1989",14-18m,1.25
1200,Non Residential,"1919-1944,1945-1959,1980-1989",18-20m,1.3333333333333333
1201,Non Residential,"1919-1944,1945-1959,1980-1989",20-30m,1.0
1203,Non Residential,"1919-1944,1945-1959,1980-1989",40-50m,1.0
1212,Non Residential,"1919-1944,1945-1959,1980-1989,Pre 1919",7-8m,1.0
1213,Non Residential,"1919-1944,1945-1959,1980-1989,Pre 1919",8-9m,1.0
1216,Non Residential,"1919-1944,1945-1959,1980-1989,Pre 1919",12-14m,1.0
1217,Non Residential,"1919-1944,1945-1959,1980-1989,Pre 1919",14-18m,1.25
1232,Non Residential,"1919-1944,1945-1959,1980-1989,Unknown date",9-10m,1.0
1233,Non Residential,"1919-1944,1945-1959,1980-1989,Unknown date",10-12m,1.0
1247,Non Residential,"1919-1944,1945-1959,1990-1999",6-7m,1.0
1248,Non Residential,"1919-1944,1945-1959,1990-1999",7-8m,1.0
1250,Non Residential,"1919-1944,1945-1959,1990-1999",9-10m,1.0
1251,Non Residential,"1919-1944,1945-1959,1990-1999",10-12m,1.0
1252,Non Residential,"1919-1944,1945-1959,1990-1999",12-14m,1.0
1267,Non Residential,"1919-1944,1945-1959,1990-1999,Pre 1919",8-9m,2.0
1283,Non Residential,"1919-1944,1945-1959,Post 1999",6-7m,1.0
1285,Non Residential,"1919-1944,1945-1959,Post 1999",8-9m,1.0
1286,Non Residential,"1919-1944,1945-1959,Post 1999",9-10m,1.0
1287,Non Residential,"1919-1944,1945-1959,Post 1999",10-12m,1.0
1288,Non Residential,"1919-1944,1945-1959,Post 1999",12-14m,2.25
1289,Non Residential,"1919-1944,1945-1959,Post 1999",14-18m,1.0
1291,Non Residential,"1919-1944,1945-1959,Post 1999",20-30m,3.0
1300,Non Residential,"1919-1944,1945-1959,Pre 1919",5-6m,1.0
1302,Non Residential,"1919-1944,1945-1959,Pre 1919",7-8m,1.25
1303,Non Residential,"1919-1944,1945-1959,Pre 1919",8-9m,1.3
1304,Non Residential,"1919-1944,1945-1959,Pre 1919",9-10m,1.263157894736842
1305,Non Residential,"1919-1944,1945-1959,Pre 1919",10-12m,1.6153846153846154
1306,Non Residential,"1919-1944,1945-1959,Pre 1919",12-14m,1.4285714285714286
1307,Non Residential,"1919-1944,1945-1959,Pre 1919",14-18m,1.8666666666666667
1308,Non Residential,"1919-1944,1945-1959,Pre 1919",18-20m,2.0
1309,Non Residential,"1919-1944,1945-1959,Pre 1919",20-30m,1.3333333333333333
1310,Non Residential,"1919-1944,1945-1959,Pre 1919",30-40m,4.0
1323,Non Residential,"1919-1944,1945-1959,Pre 1919,Unknown date",10-12m,1.0
1339,Non Residential,"1919-1944,1945-1959,Unknown date",8-9m,1.0
1340,Non Residential,"1919-1944,1945-1959,Unknown date",9-10m,1.0
1341,Non Residential,"1919-1944,1945-1959,Unknown date",10-12m,1.0
1343,Non Residential,"1919-1944,1945-1959,Unknown date",14-18m,1.0
1352,Non Residential,"1919-1944,1960-1979",3-4m,1.0769230769230769
1353,Non Residential,"1919-1944,1960-1979",4-5m,1.0
1354,Non Residential,"1919-1944,1960-1979",5-6m,1.0454545454545454
1355,Non Residential,"1919-1944,1960-1979",6-7m,1.096774193548387
1356,Non Residential,"1919-1944,1960-1979",7-8m,1.1636363636363636
1357,Non Residential,"1919-1944,1960-1979",8-9m,1.1388888888888888
1358,Non Residential,"1919-1944,1960-1979",9-10m,1.3333333333333333
1359,Non Residential,"1919-1944,1960-1979",10-12m,1.4454545454545455
1360,Non Residential,"1919-1944,1960-1979",12-14m,1.6140350877192982
1361,Non Residential,"1919-1944,1960-1979",14-18m,1.5833333333333333
1362,Non Residential,"1919-1944,1960-1979",18-20m,1.3571428571428572
1363,Non Residential,"1919-1944,1960-1979",20-30m,2.375
1364,Non Residential,"1919-1944,1960-1979",30-40m,2.3333333333333335
1365,Non Residential,"1919-1944,1960-1979",40-50m,1.0
1366,Non Residential,"1919-1944,1960-1979",50-100m,1.0
1369,Non Residential,"1919-1944,1980-1989",2-3m,1.0
1370,Non Residential,"1919-1944,1980-1989",3-4m,1.875
1371,Non Residential,"1919-1944,1980-1989",4-5m,1.0769230769230769
1372,Non Residential,"1919-1944,1980-1989",5-6m,1.0416666666666667
1373,Non Residential,"1919-1944,1980-1989",6-7m,1.0512820512820513
1374,Non Residential,"1919-1944,1980-1989",7-8m,1.163265306122449
1375,Non Residential,"1919-1944,1980-1989",8-9m,1.25
1376,Non Residential,"1919-1944,1980-1989",9-10m,1.1982758620689655
1377,Non Residential,"1919-1944,1980-1989",10-12m,1.372340425531915
1378,Non Residential,"1919-1944,1980-1989",12-14m,1.4383561643835616
1379,Non Residential,"1919-1944,1980-1989",14-18m,1.6363636363636365
1380,Non Residential,"1919-1944,1980-1989",18-20m,2.4444444444444446
1381,Non Residential,"1919-1944,1980-1989",20-30m,3.2
1382,Non Residential,"1919-1944,1980-1989",30-40m,5.6
1383,Non Residential,"1919-1944,1980-1989",40-50m,6.0
1384,Non Residential,"1919-1944,1980-1989",50-100m,5.75
1385,Non Residential,"1919-1944,1980-1989",100-200m,6.0
1389,Non Residential,"1919-1944,1980-1989,Pre 1919",4-5m,1.0
1391,Non Residential,"1919-1944,1980-1989,Pre 1919",6-7m,1.0
1392,Non Residential,"1919-1944,1980-1989,Pre 1919",7-8m,1.0
1393,Non Residential,"1919-1944,1980-1989,Pre 1919",8-9m,2.0
1394,Non Residential,"1919-1944,1980-1989,Pre 1919",9-10m,1.1428571428571428
1395,Non Residential,"1919-1944,1980-1989,Pre 1919",10-12m,1.6
1396,Non Residential,"1919-1944,1980-1989,Pre 1919",12-14m,1.6
1397,Non Residential,"1919-1944,1980-1989,Pre 1919",14-18m,2.0
1398,Non Residential,"1919-1944,1980-1989,Pre 1919",18-20m,4.0
1399,Non Residential,"1919-1944,1980-1989,Pre 1919",20-30m,1.0
1414,Non Residential,"1919-1944,1980-1989,Pre 1919,Unknown date",12-14m,1.0
1429,Non Residential,"1919-1944,1980-1989,Unknown date",8-9m,1.0
1431,Non Residential,"1919-1944,1980-1989,Unknown date",10-12m,1.0
1433,Non Residential,"1919-1944,1980-1989,Unknown date",14-18m,1.0
1443,Non Residential,"1919-1944,1990-1999",4-5m,1.0
1444,Non Residential,"1919-1944,1990-1999",5-6m,1.0
1445,Non Residential,"1919-1944,1990-1999",6-7m,1.0
1446,Non Residential,"1919-1944,1990-1999",7-8m,1.6666666666666667
1447,Non Residential,"1919-1944,1990-1999",8-9m,1.2857142857142858
1448,Non Residential,"1919-1944,1990-1999",9-10m,1.4166666666666667
1449,Non Residential,"1919-1944,1990-1999",10-12m,1.75
1450,Non Residential,"1919-1944,1990-1999",12-14m,1.6666666666666667
1451,Non Residential,"1919-1944,1990-1999",14-18m,2.3333333333333335
1452,Non Residential,"1919-1944,1990-1999",18-20m,3.0
1467,Non Residential,"1919-1944,1990-1999,Pre 1919",10-12m,1.0
1468,Non Residential,"1919-1944,1990-1999,Pre 1919",12-14m,2.0
1479,Non Residential,"1919-1944,Post 1999",4-5m,1.0
1480,Non Residential,"1919-1944,Post 1999",5-6m,1.0
1481,Non Residential,"1919-1944,Post 1999",6-7m,1.0
1482,Non Residential,"1919-1944,Post 1999",7-8m,1.1818181818181819
1483,Non Residential,"1919-1944,Post 1999",8-9m,1.0625
1484,Non Residential,"1919-1944,Post 1999",9-10m,1.375
1485,Non Residential,"1919-1944,Post 1999",10-12m,1.4761904761904763
1486,Non Residential,"1919-1944,Post 1999",12-14m,1.4
1487,Non Residential,"1919-1944,Post 1999",14-18m,1.6428571428571428
1488,Non Residential,"1919-1944,Post 1999",18-20m,1.8
1489,Non Residential,"1919-1944,Post 1999",20-30m,5.0
1490,Non Residential,"1919-1944,Post 1999",30-40m,1.0
1496,Non Residential,"1919-1944,Pre 1919",3-4m,1.3636363636363635
1497,Non Residential,"1919-1944,Pre 1919",4-5m,1.3333333333333333
1498,Non Residential,"1919-1944,Pre 1919",5-6m,1.2608695652173914
1499,Non Residential,"1919-1944,Pre 1919",6-7m,1.5142857142857142
1500,Non Residential,"1919-1944,Pre 1919",7-8m,1.475
1501,Non Residential,"1919-1944,Pre 1919",8-9m,1.488888888888889
1502,Non Residential,"1919-1944,Pre 1919",9-10m,1.687116564417178
1503,Non Residential,"1919-1944,Pre 1919",10-12m,1.8388888888888888
1504,Non Residential,"1919-1944,Pre 1919",12-14m,1.930232558139535
1505,Non Residential,"1919-1944,Pre 1919",14-18m,2.2738095238095237
1506,Non Residential,"1919-1944,Pre 1919",18-20m,2.2333333333333334
1507,Non Residential,"1919-1944,Pre 1919",20-30m,3.264705882352941
1508,Non Residential,"1919-1944,Pre 1919",30-40m,3.357142857142857
1509,Non Residential,"1919-1944,Pre 1919",40-50m,4.25
1510,Non Residential,"1919-1944,Pre 1919",50-100m,5.142857142857143
1511,Non Residential,"1919-1944,Pre 1919",100-200m,1.0
1516,Non Residential,"1919-1944,Pre 1919,Unknown date",5-6m,1.0
1517,Non Residential,"1919-1944,Pre 1919,Unknown date",6-7m,1.0
1522,Non Residential,"1919-1944,Pre 1919,Unknown date",12-14m,1.0
1532,Non Residential,"1919-1944,Unknown date",3-4m,1.0
1533,Non Residential,"1919-1944,Unknown date",4-5m,1.0
1534,Non Residential,"1919-1944,Unknown date",5-6m,1.0
1535,Non Residential,"1919-1944,Unknown date",6-7m,1.0
1536,Non Residential,"1919-1944,Unknown date",7-8m,1.0
1537,Non Residential,"1919-1944,Unknown date",8-9m,1.0
1538,Non Residential,"1919-1944,Unknown date",9-10m,1.1428571428571428
1539,Non Residential,"1919-1944,Unknown date",10-12m,1.1
1540,Non Residential,"1919-1944,Unknown date",12-14m,1.0
1541,Non Residential,"1919-1944,Unknown date",14-18m,1.0
1542,Non Residential,"1919-1944,Unknown date",18-20m,1.0
1548,Non Residential,1945-1959,0-2m,1.248968363136176
1549,Non Residential,1945-1959,2-3m,1.1119515885022693
1550,Non Residential,1945-1959,3-4m,1.1448638524708254
1551,Non Residential,1945-1959,4-5m,1.0996103263516805
1552,Non Residential,1945-1959,5-6m,1.151312649164678
1553,Non Residential,1945-1959,6-7m,1.2119107561420261
1554,Non Residential,1945-1959,7-8m,1.358661847524586
1555,Non Residential,1945-1959,8-9m,1.2713699141470698
1556,Non Residential,1945-1959,9-10m,1.299305006450539
1557,Non Residential,1945-1959,10-12m,1.4014477077959897
1558,Non Residential,1945-1959,12-14m,1.4248534583821806
1559,Non Residential,1945-1959,14-18m,1.4646918561995599
1560,Non Residential,1945-1959,18-20m,1.6069153776160146
1561,Non Residential,1945-1959,20-30m,2.6293103448275863
1562,Non Residential,1945-1959,30-40m,4.136666666666667
1563,Non Residential,1945-1959,40-50m,4.885350318471337
1564,Non Residential,1945-1959,50-100m,3.9906976744186045
1565,Non Residential,1945-1959,100-200m,4.4
1568,Non Residential,"1945-1959,1960-1979",3-4m,1.0
1569,Non Residential,"1945-1959,1960-1979",4-5m,1.0
1570,Non Residential,"1945-1959,1960-1979",5-6m,1.0
1571,Non Residential,"1945-1959,1960-1979",6-7m,1.0
1574,Non Residential,"1945-1959,1960-1979",9-10m,1.0
1577,Non Residential,"1945-1959,1960-1979",14-18m,1.5
1584,Non Residential,"1945-1959,1980-1989",0-2m,1.0
1585,Non Residential,"1945-1959,1980-1989",2-3m,1.0
1586,Non Residential,"1945-1959,1980-1989",3-4m,1.0217391304347827
1587,Non Residential,"1945-1959,1980-1989",4-5m,1.0071942446043165
1588,Non Residential,"1945-1959,1980-1989",5-6m,1.0206896551724138
1589,Non Residential,"1945-1959,1980-1989",6-7m,1.0492753623188407
1590,Non Residential,"1945-1959,1980-1989",7-8m,1.093841642228739
1591,Non Residential,"1945-1959,1980-1989",8-9m,1.0844854070660521
1592,Non Residential,"1945-1959,1980-1989",9-10m,1.11482254697286
1593,Non Residential,"1945-1959,1980-1989",10-12m,1.17601246105919
1594,Non Residential,"1945-1959,1980-1989",12-14m,1.2128205128205127
1595,Non Residential,"1945-1959,1980-1989",14-18m,1.3440594059405941
1596,Non Residential,"1945-1959,1980-1989",18-20m,1.4923076923076923
1597,Non Residential,"1945-1959,1980-1989",20-30m,2.3333333333333335
1598,Non Residential,"1945-1959,1980-1989",30-40m,3.0444444444444443
1599,Non Residential,"1945-1959,1980-1989",40-50m,2.875
1600,Non Residential,"1945-1959,1980-1989",50-100m,4.1
1601,Non Residential,"1945-1959,1980-1989",100-200m,1.0
1603,Non Residential,"1945-1959,1980-1989,Pre 1919",2-3m,1.0
1606,Non Residential,"1945-1959,1980-1989,Pre 1919",5-6m,1.0
1607,Non Residential,"1945-1959,1980-1989,Pre 1919",6-7m,1.2222222222222223
1608,Non Residential,"1945-1959,1980-1989,Pre 1919",7-8m,1.2
1609,Non Residential,"1945-1959,1980-1989,Pre 1919",8-9m,1.1538461538461537
1610,Non Residential,"1945-1959,1980-1989,Pre 1919",9-10m,1.2941176470588236
1611,Non Residential,"1945-1959,1980-1989,Pre 1919",10-12m,1.3243243243243243
1612,Non Residential,"1945-1959,1980-1989,Pre 1919",12-14m,1.5714285714285714
1613,Non Residential,"1945-1959,1980-1989,Pre 1919",14-18m,1.55
1614,Non Residential,"1945-1959,1980-1989,Pre 1919",18-20m,1.0
1615,Non Residential,"1945-1959,1980-1989,Pre 1919",20-30m,1.9166666666666667
1616,Non Residential,"1945-1959,1980-1989,Pre 1919",30-40m,3.3333333333333335
1617,Non Residential,"1945-1959,1980-1989,Pre 1919",40-50m,1.0
1628,Non Residential,"1945-1959,1980-1989,Pre 1919,Unknown date",9-10m,1.0
1629,Non Residential,"1945-1959,1980-1989,Pre 1919,Unknown date",10-12m,1.0
1631,Non Residential,"1945-1959,1980-1989,Pre 1919,Unknown date",14-18m,1.0
1640,Non Residential,"1945-1959,1980-1989,Unknown date",3-4m,1.0
1642,Non Residential,"1945-1959,1980-1989,Unknown date",5-6m,1.0
1643,Non Residential,"1945-1959,1980-1989,Unknown date",6-7m,1.0
1644,Non Residential,"1945-1959,1980-1989,Unknown date",7-8m,1.0
1645,Non Residential,"1945-1959,1980-1989,Unknown date",8-9m,1.0
1646,Non Residential,"1945-1959,1980-1989,Unknown date",9-10m,1.0
1647,Non Residential,"1945-1959,1980-1989,Unknown date",10-12m,1.0
1648,Non Residential,"1945-1959,1980-1989,Unknown date",12-14m,1.0
1649,Non Residential,"1945-1959,1980-1989,Unknown date",14-18m,1.0
1650,Non Residential,"1945-1959,1980-1989,Unknown date",18-20m,1.0
1651,Non Residential,"1945-1959,1980-1989,Unknown date",20-30m,1.0
1658,Non Residential,"1945-1959,1990-1999",3-4m,1.0
1659,Non Residential,"1945-1959,1990-1999",4-5m,1.0
1660,Non Residential,"1945-1959,1990-1999",5-6m,1.0
1661,Non Residential,"1945-1959,1990-1999",6-7m,1.0454545454545454
1662,Non Residential,"1945-1959,1990-1999",7-8m,1.1063829787234043
1663,Non Residential,"1945-1959,1990-1999",8-9m,1.1774193548387097
1664,Non Residential,"1945-1959,1990-1999",9-10m,1.0970873786407767
1665,Non Residential,"1945-1959,1990-1999",10-12m,1.15
1666,Non Residential,"1945-1959,1990-1999",12-14m,1.2307692307692308
1667,Non Residential,"1945-1959,1990-1999",14-18m,1.3235294117647058
1668,Non Residential,"1945-1959,1990-1999",18-20m,1.5
1669,Non Residential,"1945-1959,1990-1999",20-30m,1.6666666666666667
1670,Non Residential,"1945-1959,1990-1999",30-40m,1.0
1671,Non Residential,"1945-1959,1990-1999",40-50m,1.0
1672,Non Residential,"1945-1959,1990-1999",50-100m,1.0
1677,Non Residential,"1945-1959,1990-1999,Pre 1919",4-5m,1.0
1679,Non Residential,"1945-1959,1990-1999,Pre 1919",6-7m,1.0
1681,Non Residential,"1945-1959,1990-1999,Pre 1919",8-9m,1.5
1682,Non Residential,"1945-1959,1990-1999,Pre 1919",9-10m,1.0
1683,Non Residential,"1945-1959,1990-1999,Pre 1919",10-12m,1.3333333333333333
1684,Non Residential,"1945-1959,1990-1999,Pre 1919",12-14m,2.0
1685,Non Residential,"1945-1959,1990-1999,Pre 1919",14-18m,2.0
1688,Non Residential,"1945-1959,1990-1999,Pre 1919",30-40m,1.5
1699,Non Residential,"1945-1959,1990-1999,Unknown date",8-9m,1.0
1700,Non Residential,"1945-1959,1990-1999,Unknown date",9-10m,1.0
1701,Non Residential,"1945-1959,1990-1999,Unknown date",10-12m,1.0
1712,Non Residential,"1945-1959,Post 1999",3-4m,1.0
1713,Non Residential,"1945-1959,Post 1999",4-5m,1.0833333333333333
1714,Non Residential,"1945-1959,Post 1999",5-6m,1.037037037037037
1715,Non Residential,"1945-1959,Post 1999",6-7m,1.0232558139534884
1716,Non Residential,"1945-1959,Post 1999",7-8m,1.0666666666666667
1717,Non Residential,"1945-1959,Post 1999",8-9m,1.0705882352941176
1718,Non Residential,"1945-1959,Post 1999",9-10m,1.072289156626506
1719,Non Residential,"1945-1959,Post 1999",10-12m,1.1647058823529413
1720,Non Residential,"1945-1959,Post 1999",12-14m,1.471698113207547
1721,Non Residential,"1945-1959,Post 1999",14-18m,1.2380952380952381
1722,Non Residential,"1945-1959,Post 1999",18-20m,1.7142857142857142
1723,Non Residential,"1945-1959,Post 1999",20-30m,3.076923076923077
1724,Non Residential,"1945-1959,Post 1999",30-40m,3.0
1725,Non Residential,"1945-1959,Post 1999",40-50m,1.0
1726,Non Residential,"1945-1959,Post 1999",50-100m,1.5
1732,Non Residential,"1945-1959,Post 1999,Unknown date",5-6m,1.0
1733,Non Residential,"1945-1959,Post 1999,Unknown date",6-7m,1.0
1736,Non Residential,"1945-1959,Post 1999,Unknown date",9-10m,1.0
1740,Non Residential,"1945-1959,Post 1999,Unknown date",18-20m,1.0
1741,Non Residential,"1945-1959,Post 1999,Unknown date",20-30m,1.0
1748,Non Residential,"1945-1959,Pre 1919",3-4m,1.1724137931034482
1749,Non Residential,"1945-1959,Pre 1919",4-5m,1.0
1750,Non Residential,"1945-1959,Pre 1919",5-6m,1.0666666666666667
1751,Non Residential,"1945-1959,Pre 1919",6-7m,1.1973684210526316
1752,Non Residential,"1945-1959,Pre 1919",7-8m,1.2115384615384615
1753,Non Residential,"1945-1959,Pre 1919",8-9m,1.3375
1754,Non Residential,"1945-1959,Pre 1919",9-10m,1.456824512534819
1755,Non Residential,"1945-1959,Pre 1919",10-12m,1.6216666666666666
1756,Non Residential,"1945-1959,Pre 1919",12-14m,1.8310185185185186
1757,Non Residential,"1945-1959,Pre 1919",14-18m,1.8884758364312269
1758,Non Residential,"1945-1959,Pre 1919",18-20m,2.1372549019607843
1759,Non Residential,"1945-1959,Pre 1919",20-30m,2.508771929824561
1760,Non Residential,"1945-1959,Pre 1919",30-40m,3.6451612903225805
1761,Non Residential,"1945-1959,Pre 1919",40-50m,3.3333333333333335
1762,Non Residential,"1945-1959,Pre 1919",50-100m,3.0
1768,Non Residential,"1945-1959,Pre 1919,Unknown date",5-6m,1.0
1769,Non Residential,"1945-1959,Pre 1919,Unknown date",6-7m,1.0
1770,Non Residential,"1945-1959,Pre 1919,Unknown date",7-8m,1.0
1771,Non Residential,"1945-1959,Pre 1919,Unknown date",8-9m,1.0
1772,Non Residential,"1945-1959,Pre 1919,Unknown date",9-10m,1.0
1773,Non Residential,"1945-1959,Pre 1919,Unknown date",10-12m,1.0
1774,Non Residential,"1945-1959,Pre 1919,Unknown date",12-14m,1.0
1775,Non Residential,"1945-1959,Pre 1919,Unknown date",14-18m,1.0
1784,Non Residential,"1945-1959,Unknown date",3-4m,1.0
1785,Non Residential,"1945-1959,Unknown date",4-5m,1.0
1786,Non Residential,"1945-1959,Unknown date",5-6m,1.0
1787,Non Residential,"1945-1959,Unknown date",6-7m,1.0
1788,Non Residential,"1945-1959,Unknown date",7-8m,1.0277777777777777
1789,Non Residential,"1945-1959,Unknown date",8-9m,1.0
1790,Non Residential,"1945-1959,Unknown date",9-10m,1.1090909090909091
1791,Non Residential,"1945-1959,Unknown date",10-12m,1.0263157894736843
1792,Non Residential,"1945-1959,Unknown date",12-14m,1.0
1793,Non Residential,"1945-1959,Unknown date",14-18m,1.0
1794,Non Residential,"1945-1959,Unknown date",18-20m,1.0
1795,Non Residential,"1945-1959,Unknown date",20-30m,1.0
1798,Non Residential,"1945-1959,Unknown date",50-100m,1.0
1800,Non Residential,1960-1979,0-2m,1.6470588235294117
1801,Non Residential,1960-1979,2-3m,1.0825688073394495
1802,Non Residential,1960-1979,3-4m,1.234192037470726
1803,Non Residential,1960-1979,4-5m,1.2271237711116714
1804,Non Residential,1960-1979,5-6m,1.224062613760466
1805,Non Residential,1960-1979,6-7m,1.404412875925646
1806,Non Residential,1960-1979,7-8m,1.5452905553408065
1807,Non Residential,1960-1979,8-9m,1.365827884551879
1808,Non Residential,1960-1979,9-10m,1.3712332589285714
1809,Non Residential,1960-1979,10-12m,1.5660432071915324
1810,Non Residential,1960-1979,12-14m,1.7485457429931253
1811,Non Residential,1960-1979,14-18m,1.8748812915479582
1812,Non Residential,1960-1979,18-20m,2.262686567164179
1813,Non Residential,1960-1979,20-30m,3.617580766341097
1814,Non Residential,1960-1979,30-40m,5.741071428571429
1815,Non Residential,1960-1979,40-50m,6.232323232323233
1816,Non Residential,1960-1979,50-100m,5.701219512195122
1817,Non Residential,1960-1979,100-200m,8.470588235294118
1825,Non Residential,"1960-1979,1980-1989",8-9m,1.3333333333333333
1827,Non Residential,"1960-1979,1980-1989",10-12m,1.5
1842,Non Residential,"1960-1979,Pre 1919",7-8m,1.0
1844,Non Residential,"1960-1979,Pre 1919",9-10m,1.0
1846,Non Residential,"1960-1979,Pre 1919",12-14m,3.0
1856,Non Residential,"1960-1979,Unknown date",3-4m,1.0
1857,Non Residential,"1960-1979,Unknown date",4-5m,1.0
1858,Non Residential,"1960-1979,Unknown date",5-6m,1.0
1859,Non Residential,"1960-1979,Unknown date",6-7m,1.0
1860,Non Residential,"1960-1979,Unknown date",7-8m,1.0
1861,Non Residential,"1960-1979,Unknown date",8-9m,1.0625
1862,Non Residential,"1960-1979,Unknown date",9-10m,1.0476190476190477
1863,Non Residential,"1960-1979,Unknown date",10-12m,1.0
1864,Non Residential,"1960-1979,Unknown date",12-14m,1.0
1865,Non Residential,"1960-1979,Unknown date",14-18m,1.7142857142857142
1866,Non Residential,"1960-1979,Unknown date",18-20m,1.0
1867,Non Residential,"1960-1979,Unknown date",20-30m,1.0
1872,Non Residential,1980-1989,0-2m,1.4837988826815642
1873,Non Residential,1980-1989,2-3m,1.344390243902439
1874,Non Residential,1980-1989,3-4m,1.3234669943035855
1875,Non Residential,1980-1989,4-5m,1.2091927680162975
1876,Non Residential,1980-1989,5-6m,1.1753300820744617
1877,Non Residential,1980-1989,6-7m,1.2548171936758894
1878,Non Residential,1980-1989,7-8m,1.4026467078858877
1879,Non Residential,1980-1989,8-9m,1.37044627760414
1880,Non Residential,1980-1989,9-10m,1.4419492147365331
1881,Non Residential,1980-1989,10-12m,1.6762080010904383
1882,Non Residential,1980-1989,12-14m,1.7226634086744044
1883,Non Residential,1980-1989,14-18m,1.9221170756218071
1884,Non Residential,1980-1989,18-20m,2.2026666666666666
1885,Non Residential,1980-1989,20-30m,3.619524870081663
1886,Non Residential,1980-1989,30-40m,5.305841924398625
1887,Non Residential,1980-1989,40-50m,5.988919667590028
1888,Non Residential,1980-1989,50-100m,7.168900804289544
1889,Non Residential,1980-1989,100-200m,10.4
1899,Non Residential,"1980-1989,1990-1999",10-12m,2.0
1900,Non Residential,"1980-1989,1990-1999",12-14m,2.0
1921,Non Residential,"1980-1989,Post 1999",20-30m,5.0
1925,Non Residential,"1980-1989,Post 1999",100-200m,5.0
1928,Non Residential,"1980-1989,Pre 1919",3-4m,1.0833333333333333
1929,Non Residential,"1980-1989,Pre 1919",4-5m,1.2608695652173914
1930,Non Residential,"1980-1989,Pre 1919",5-6m,1.125
1931,Non Residential,"1980-1989,Pre 1919",6-7m,1.2758620689655173
1932,Non Residential,"1980-1989,Pre 1919",7-8m,1.3972602739726028
1933,Non Residential,"1980-1989,Pre 1919",8-9m,1.494047619047619
1934,Non Residential,"1980-1989,Pre 1919",9-10m,1.5246913580246915
1935,Non Residential,"1980-1989,Pre 1919",10-12m,1.7751937984496124
1936,Non Residential,"1980-1989,Pre 1919",12-14m,2.061433447098976
1937,Non Residential,"1980-1989,Pre 1919",14-18m,2.179930795847751
1938,Non Residential,"1980-1989,Pre 1919",18-20m,2.6301369863013697
1939,Non Residential,"1980-1989,Pre 1919",20-30m,3.286624203821656
1940,Non Residential,"1980-1989,Pre 1919",30-40m,4.415094339622642
1941,Non Residential,"1980-1989,Pre 1919",40-50m,4.466666666666667
1942,Non Residential,"1980-1989,Pre 1919",50-100m,3.8333333333333335
1949,Non Residential,"1980-1989,Pre 1919,Unknown date",6-7m,1.0
1953,Non Residential,"1980-1989,Pre 1919,Unknown date",10-12m,1.0
1954,Non Residential,"1980-1989,Pre 1919,Unknown date",12-14m,1.0
1955,Non Residential,"1980-1989,Pre 1919,Unknown date",14-18m,1.0
1962,Non Residential,"1980-1989,Unknown date",0-2m,1.0
1963,Non Residential,"1980-1989,Unknown date",2-3m,1.0
1964,Non Residential,"1980-1989,Unknown date",3-4m,1.0
1965,Non Residential,"1980-1989,Unknown date",4-5m,1.0
1966,Non Residential,"1980-1989,Unknown date",5-6m,1.0
1967,Non Residential,"1980-1989,Unknown date",6-7m,1.0476190476190477
1968,Non Residential,"1980-1989,Unknown date",7-8m,1.0
1969,Non Residential,"1980-1989,Unknown date",8-9m,1.0285714285714285
1970,Non Residential,"1980-1989,Unknown date",9-10m,1.0476190476190477
1971,Non Residential,"1980-1989,Unknown date",10-12m,1.0526315789473684
1972,Non Residential,"1980-1989,Unknown date",12-14m,1.0476190476190477
1973,Non Residential,"1980-1989,Unknown date",14-18m,1.24
1974,Non Residential,"1980-1989,Unknown date",18-20m,1.6
1975,Non Residential,"1980-1989,Unknown date",20-30m,2.142857142857143
1976,Non Residential,"1980-1989,Unknown date",30-40m,1.0
1980,Non Residential,1990-1999,0-2m,1.1794871794871795
1981,Non Residential,1990-1999,2-3m,1.170731707317073
1982,Non Residential,1990-1999,3-4m,1.3319057815845825
1983,Non Residential,1990-1999,4-5m,1.2426383981154299
1984,Non Residential,1990-1999,5-6m,1.235080058224163
1985,Non Residential,1990-1999,6-7m,1.3093694755450795
1986,Non Residential,1990-1999,7-8m,1.5473465140478668
1987,Non Residential,1990-1999,8-9m,1.4822363500373972
1988,Non Residential,1990-1999,9-10m,1.51628664495114
1989,Non Residential,1990-1999,10-12m,1.7884565833548054
1990,Non Residential,1990-1999,12-14m,2.042775169535733
1991,Non Residential,1990-1999,14-18m,2.2119679730299198
1992,Non Residential,1990-1999,18-20m,2.5657620041753653
1993,Non Residential,1990-1999,20-30m,3.8795562599049127
1994,Non Residential,1990-1999,30-40m,5.463855421686747
1995,Non Residential,1990-1999,40-50m,6.717391304347826
1996,Non Residential,1990-1999,50-100m,6.230769230769231
1997,Non Residential,1990-1999,100-200m,9.0
2008,Non Residential,"1990-1999,Post 1999",12-14m,1.0
2024,Non Residential,"1990-1999,Post 1999,Pre 1919",9-10m,2.0
2036,Non Residential,"1990-1999,Pre 1919",3-4m,1.0
2037,Non Residential,"1990-1999,Pre 1919",4-5m,1.3333333333333333
2038,Non Residential,"1990-1999,Pre 1919",5-6m,1.0
2039,Non Residential,"1990-1999,Pre 1919",6-7m,1.0
2040,Non Residential,"1990-1999,Pre 1919",7-8m,1.3
2041,Non Residential,"1990-1999,Pre 1919",8-9m,1.5263157894736843
2042,Non Residential,"1990-1999,Pre 1919",9-10m,1.565217391304348
2043,Non Residential,"1990-1999,Pre 1919",10-12m,1.7297297297297298
2044,Non Residential,"1990-1999,Pre 1919",12-14m,2.1153846153846154
2045,Non Residential,"1990-1999,Pre 1919",14-18m,1.9714285714285715
2046,Non Residential,"1990-1999,Pre 1919",18-20m,2.5
2047,Non Residential,"1990-1999,Pre 1919",20-30m,3.142857142857143
2048,Non Residential,"1990-1999,Pre 1919",30-40m,3.0
2051,Non Residential,"1990-1999,Pre 1919",100-200m,6.0
2056,Non Residential,"1990-1999,Unknown date",5-6m,1.0
2057,Non Residential,"1990-1999,Unknown date",6-7m,1.0
2058,Non Residential,"1990-1999,Unknown date",7-8m,1.0
2059,Non Residential,"1990-1999,Unknown date",8-9m,1.0
2060,Non Residential,"1990-1999,Unknown date",9-10m,1.0
2061,Non Residential,"1990-1999,Unknown date",10-12m,1.0
2063,Non Residential,"1990-1999,Unknown date",14-18m,1.0
2065,Non Residential,"1990-1999,Unknown date",20-30m,1.0
2070,Non Residential,Post 1999,0-2m,1.051454138702461
2071,Non Residential,Post 1999,2-3m,1.0788912579957357
2072,Non Residential,Post 1999,3-4m,1.5066744051073708
2073,Non Residential,Post 1999,4-5m,1.413776493256262
2074,Non Residential,Post 1999,5-6m,1.3638089212274596
2075,Non Residential,Post 1999,6-7m,1.4203192297947809
2076,Non Residential,Post 1999,7-8m,1.5836958272917674
2077,Non Residential,Post 1999,8-9m,1.5486572834815646
2078,Non Residential,Post 1999,9-10m,1.5471884498480244
2079,Non Residential,Post 1999,10-12m,1.7554165735983918
2080,Non Residential,Post 1999,12-14m,2.006813186813187
2081,Non Residential,Post 1999,14-18m,2.2129545865749956
2082,Non Residential,Post 1999,18-20m,2.7452830188679247
2083,Non Residential,Post 1999,20-30m,4.097796143250688
2084,Non Residential,Post 1999,30-40m,5.547215496368039
2085,Non Residential,Post 1999,40-50m,6.58282208588957
2086,Non Residential,Post 1999,50-100m,9.11731843575419
2087,Non Residential,Post 1999,100-200m,11.5
2096,Non Residential,"Post 1999,Pre 1919",9-10m,2.0
2097,Non Residential,"Post 1999,Pre 1919",10-12m,2.0
2102,Non Residential,"Post 1999,Pre 1919",30-40m,5.0
2108,Non Residential,"Post 1999,Unknown date",3-4m,1.0
2109,Non Residential,"Post 1999,Unknown date",4-5m,1.0
2110,Non Residential,"Post 1999,Unknown date",5-6m,1.0
2111,Non Residential,"Post 1999,Unknown date",6-7m,1.0
2112,Non Residential,"Post 1999,Unknown date",7-8m,1.0
2113,Non Residential,"Post 1999,Unknown date",8-9m,1.0625
2114,Non Residential,"Post 1999,Unknown date",9-10m,1.0909090909090908
2115,Non Residential,"Post 1999,Unknown date",10-12m,1.125
2116,Non Residential,"Post 1999,Unknown date",12-14m,1.0
2117,Non Residential,"Post 1999,Unknown date",14-18m,2.0
2119,Non Residential,"Post 1999,Unknown date",20-30m,1.0
2126,Non Residential,Pre 1837,3-4m,1.5714285714285714
2127,Non Residential,Pre 1837,4-5m,1.4722222222222223
2128,Non Residential,Pre 1837,5-6m,1.639344262295082
2129,Non Residential,Pre 1837,6-7m,1.763779527559055
2130,Non Residential,Pre 1837,7-8m,1.784037558685446
2131,Non Residential,Pre 1837,8-9m,1.871345029239766
2132,Non Residential,Pre 1837,9-10m,2.0275800711743774
2133,Non Residential,Pre 1837,10-12m,2.220779220779221
2134,Non Residential,Pre 1837,12-14m,2.470343392299688
2135,Non Residential,Pre 1837,14-18m,2.427830596369922
2136,Non Residential,Pre 1837,18-20m,2.4803149606299213
2137,Non Residential,Pre 1837,20-30m,2.8221476510067114
2138,Non Residential,Pre 1837,30-40m,2.893617021276596
2139,Non Residential,Pre 1837,40-50m,2.215686274509804
2140,Non Residential,Pre 1837,50-100m,2.341463414634146
2141,Non Residential,Pre 1837,100-200m,6.0
2142,Non Residential,Pre 1919,0-2m,1.8362573099415205
2143,Non Residential,Pre 1919,2-3m,1.7383177570093458
2144,Non Residential,Pre 1919,3-4m,1.8243130724396337
2145,Non Residential,Pre 1919,4-5m,1.581237911025145
2146,Non Residential,Pre 1919,5-6m,1.4927536231884058
2147,Non Residential,Pre 1919,6-7m,1.5562884784520667
2148,Non Residential,Pre 1919,7-8m,1.6548275862068966
2149,Non Residential,Pre 1919,8-9m,1.7036918651110755
2150,Non Residential,Pre 1919,9-10m,1.7931794605809128
2151,Non Residential,Pre 1919,10-12m,1.9957213531220752
2152,Non Residential,Pre 1919,12-14m,2.2295561697284993
2153,Non Residential,Pre 1919,14-18m,2.3044720360399955
2154,Non Residential,Pre 1919,18-20m,2.5530371713508613
2155,Non Residential,Pre 1919,20-30m,3.3228978526991773
2156,Non Residential,Pre 1919,30-40m,3.7144992526158447
2157,Non Residential,Pre 1919,40-50m,3.8495297805642634
2158,Non Residential,Pre 1919,50-100m,3.9073359073359075
2159,Non Residential,Pre 1919,100-200m,4.48
2162,Non Residential,"Pre 1919,Unknown date",3-4m,1.0
2163,Non Residential,"Pre 1919,Unknown date",4-5m,1.0
2165,Non Residential,"Pre 1919,Unknown date",6-7m,1.125
2166,Non Residential,"Pre 1919,Unknown date",7-8m,1.0
2167,Non Residential,"Pre 1919,Unknown date",8-9m,1.0476190476190477
2168,Non Residential,"Pre 1919,Unknown date",9-10m,1.0714285714285714
2169,Non Residential,"Pre 1919,Unknown date",10-12m,1.1666666666666667
2170,Non Residential,"Pre 1919,Unknown date",12-14m,1.2222222222222223
2171,Non Residential,"Pre 1919,Unknown date",14-18m,1.0
2178,Non Residential,Unknown date,0-2m,1.014807502467917
2179,Non Residential,Unknown date,2-3m,1.0021402860200408
2180,Non Residential,Unknown date,3-4m,2.525506129926253
2181,Non Residential,Unknown date,4-5m,2.2152471571130192
2182,Non Residential,Unknown date,5-6m,2.3637006898991686
2183,Non Residential,Unknown date,6-7m,2.4113358419567263
2184,Non Residential,Unknown date,7-8m,2.1506574141709276
2185,Non Residential,Unknown date,8-9m,1.8683574879227054
2186,Non Residential,Unknown date,9-10m,1.9035437057036788
2187,Non Residential,Unknown date,10-12m,2.0574173538089116
2188,Non Residential,Unknown date,12-14m,1.314163924618606
2189,Non Residential,Unknown date,14-18m,2.7219908784453697
2190,Non Residential,Unknown date,18-20m,1.6230845279288186
2191,Non Residential,Unknown date,20-30m,5.354194407456724
2192,Non Residential,Unknown date,30-40m,7.437810945273632
2193,Non Residential,Unknown date,40-50m,8.830769230769231
2194,Non Residential,Unknown date,50-100m,10.658227848101266
2195,Non Residential,Unknown date,100-200m,14.0
2196,Residential,1837-1869,0-2m,2.0
2197,Residential,1837-1869,2-3m,2.0317460317460316
2198,Residential,1837-1869,3-4m,2.3559322033898304
2199,Residential,1837-1869,4-5m,2.011453744493392
2200,Residential,1837-1869,5-6m,1.9705591291439881
2201,Residential,1837-1869,6-7m,2.006094773731525
2202,Residential,1837-1869,7-8m,1.9997003835091083
2203,Residential,1837-1869,8-9m,2.022915445486518
2204,Residential,1837-1869,9-10m,2.050048106358786
2205,Residential,1837-1869,10-12m,2.206375743836781
2206,Residential,1837-1869,12-14m,2.5025318398035905
2207,Residential,1837-1869,14-18m,3.1888955771490815
2208,Residential,1837-1869,18-20m,3.888777267508611
2209,Residential,1837-1869,20-30m,3.9837844428188247
2210,Residential,1837-1869,30-40m,3.915766738660907
2211,Residential,1837-1869,40-50m,2.5
2212,Residential,1837-1869,50-100m,3.5
2232,Residential,1870-1918,0-2m,2.050488599348534
2233,Residential,1870-1918,2-3m,2.022561863173217
2234,Residential,1870-1918,3-4m,1.9615986584684182
2235,Residential,1870-1918,4-5m,1.966891064871481
2236,Residential,1870-1918,5-6m,1.9093333880465335
2237,Residential,1870-1918,6-7m,1.9819744869661675
2238,Residential,1870-1918,7-8m,1.9743465634075508
2239,Residential,1870-1918,8-9m,2.015009039819835
2240,Residential,1870-1918,9-10m,2.024335661940963
2241,Residential,1870-1918,10-12m,2.1070461521908883
2242,Residential,1870-1918,12-14m,2.2955285258870393
2243,Residential,1870-1918,14-18m,2.8277820300733314
2244,Residential,1870-1918,18-20m,3.6364826752618855
2245,Residential,1870-1918,20-30m,4.057924376508447
2246,Residential,1870-1918,30-40m,4.132075471698113
2247,Residential,1870-1918,40-50m,5.722222222222222
2248,Residential,1870-1918,50-100m,10.166666666666666
2249,Residential,1870-1918,100-200m,4.333333333333333
2250,Residential,1919-1944,0-2m,2.0
2251,Residential,1919-1944,2-3m,2.00529701097238
2252,Residential,1919-1944,3-4m,1.9942943266228872
2253,Residential,1919-1944,4-5m,1.9490722618022391
2254,Residential,1919-1944,5-6m,1.8540921563061785
2255,Residential,1919-1944,6-7m,1.9606001478554895
2256,Residential,1919-1944,7-8m,1.984331096196868
2257,Residential,1919-1944,8-9m,1.996246162757023
2258,Residential,1919-1944,9-10m,2.015280384030208
2259,Residential,1919-1944,10-12m,2.048804803253092
2260,Residential,1919-1944,12-14m,2.24262508435361
2261,Residential,1919-1944,14-18m,2.673326486789282
2262,Residential,1919-1944,18-20m,3.638996138996139
2263,Residential,1919-1944,20-30m,3.912350597609562
2264,Residential,1919-1944,30-40m,4.115942028985507
2265,Residential,1919-1944,40-50m,2.4285714285714284
2266,Residential,1919-1944,50-100m,3.830508474576271
2267,Residential,1919-1944,100-200m,3.1818181818181817
2646,Residential,1945-1959,0-2m,2.037150127226463
2647,Residential,1945-1959,2-3m,2.0299661672305462
2648,Residential,1945-1959,3-4m,2.0201458702937116
2649,Residential,1945-1959,4-5m,1.8714658925979681
2650,Residential,1945-1959,5-6m,1.7195113245836775
2651,Residential,1945-1959,6-7m,1.9328706703548622
2652,Residential,1945-1959,7-8m,1.9848994769907724
2653,Residential,1945-1959,8-9m,1.9799210019672817
2654,Residential,1945-1959,9-10m,2.0251642327704276
2655,Residential,1945-1959,10-12m,2.3361310384589937
2656,Residential,1945-1959,12-14m,2.992059528565721
2657,Residential,1945-1959,14-18m,3.366605934409162
2658,Residential,1945-1959,18-20m,4.262574595055414
2659,Residential,1945-1959,20-30m,5.350978970268311
2660,Residential,1945-1959,30-40m,7.965870307167235
2661,Residential,1945-1959,40-50m,9.049382716049383
2662,Residential,1945-1959,50-100m,6.515151515151516
2663,Residential,1945-1959,100-200m,5.285714285714286
2898,Residential,1960-1979,0-2m,2.138152610441767
2899,Residential,1960-1979,2-3m,2.123141960998227
2900,Residential,1960-1979,3-4m,2.117039158314138
2901,Residential,1960-1979,4-5m,1.849199211475395
2902,Residential,1960-1979,5-6m,1.7564630200887819
2903,Residential,1960-1979,6-7m,1.980919871551746
2904,Residential,1960-1979,7-8m,1.986127538566072
2905,Residential,1960-1979,8-9m,1.9772319566985537
2906,Residential,1960-1979,9-10m,2.0666519430015087
2907,Residential,1960-1979,10-12m,2.5805598585488743
2908,Residential,1960-1979,12-14m,3.034620159963041
2909,Residential,1960-1979,14-18m,3.331855249745158
2910,Residential,1960-1979,18-20m,3.857324435970766
2911,Residential,1960-1979,20-30m,5.282007343941248
2912,Residential,1960-1979,30-40m,10.338745387453875
2913,Residential,1960-1979,40-50m,13.282303370786517
2914,Residential,1960-1979,50-100m,14.775244299674267
2915,Residential,1960-1979,100-200m,14.304347826086957
2970,Residential,1980-1989,0-2m,2.10479375696767
2971,Residential,1980-1989,2-3m,2.046090108751942
2972,Residential,1980-1989,3-4m,2.0850271972516463
2973,Residential,1980-1989,4-5m,1.9104253791238963
2974,Residential,1980-1989,5-6m,1.7672849119826326
2975,Residential,1980-1989,6-7m,1.989913968880505
2976,Residential,1980-1989,7-8m,1.9854053281842605
2977,Residential,1980-1989,8-9m,2.0107046798419246
2978,Residential,1980-1989,9-10m,2.08738586717829
2979,Residential,1980-1989,10-12m,2.6768673134489847
2980,Residential,1980-1989,12-14m,3.138475266298589
2981,Residential,1980-1989,14-18m,3.375408707623473
2982,Residential,1980-1989,18-20m,3.8044930176077716
2983,Residential,1980-1989,20-30m,4.624027237354086
2984,Residential,1980-1989,30-40m,7.963636363636364
2985,Residential,1980-1989,40-50m,9.645833333333334
2986,Residential,1980-1989,50-100m,5.314685314685315
2987,Residential,1980-1989,100-200m,8.37037037037037
3078,Residential,1990-1999,0-2m,2.0059880239520957
3079,Residential,1990-1999,2-3m,2.0264900662251657
3080,Residential,1990-1999,3-4m,1.9435028248587571
3081,Residential,1990-1999,4-5m,1.8763720890189832
3082,Residential,1990-1999,5-6m,1.7470695608189835
3083,Residential,1990-1999,6-7m,1.9541204018430396
3084,Residential,1990-1999,7-8m,1.9674230509997754
3085,Residential,1990-1999,8-9m,2.006892794621295
3086,Residential,1990-1999,9-10m,2.043772972675692
3087,Residential,1990-1999,10-12m,2.473654557479852
3088,Residential,1990-1999,12-14m,2.913228614685844
3089,Residential,1990-1999,14-18m,3.2954545454545454
3090,Residential,1990-1999,18-20m,3.6068796068796067
3091,Residential,1990-1999,20-30m,4.400770712909441
3092,Residential,1990-1999,30-40m,7.655913978494624
3093,Residential,1990-1999,40-50m,7.636363636363637
3094,Residential,1990-1999,50-100m,5.166666666666667
3095,Residential,1990-1999,100-200m,3.5314285714285716
3168,Residential,Post 1999,0-2m,2.1292337256785974
3169,Residential,Post 1999,2-3m,2.138337012509198
3170,Residential,Post 1999,3-4m,1.8970345963756179
3171,Residential,Post 1999,4-5m,1.932355338223309
3172,Residential,Post 1999,5-6m,1.6332437415313534
3173,Residential,Post 1999,6-7m,1.9515759312320917
3174,Residential,Post 1999,7-8m,1.9665161540482057
3175,Residential,Post 1999,8-9m,2.020968155275068
3176,Residential,Post 1999,9-10m,2.052737491235722
3177,Residential,Post 1999,10-12m,2.5320966265443072
3178,Residential,Post 1999,12-14m,2.965445807093139
3179,Residential,Post 1999,14-18m,3.5408312207113775
3180,Residential,Post 1999,18-20m,4.071691176470588
3181,Residential,Post 1999,20-30m,4.892701788303528
3182,Residential,Post 1999,30-40m,7.970108695652174
3183,Residential,Post 1999,40-50m,8.126666666666667
3184,Residential,Post 1999,50-100m,8.443965517241379
3185,Residential,Post 1999,100-200m,13.76923076923077
3222,Residential,Pre 1837,0-2m,2.0
3223,Residential,Pre 1837,2-3m,2.076923076923077
3224,Residential,Pre 1837,3-4m,2.2285115303983227
3225,Residential,Pre 1837,4-5m,1.9887260428410372
3226,Residential,Pre 1837,5-6m,1.8573763792398856
3227,Residential,Pre 1837,6-7m,1.9667158550582062
3228,Residential,Pre 1837,7-8m,1.935838215412348
3229,Residential,Pre 1837,8-9m,2.0440496471160867
3230,Residential,Pre 1837,9-10m,2.0744814728501515
3231,Residential,Pre 1837,10-12m,2.4132475750816953
3232,Residential,Pre 1837,12-14m,2.621427839803339
3233,Residential,Pre 1837,14-18m,3.1947463768115942
3234,Residential,Pre 1837,18-20m,3.961351186853317
3235,Residential,Pre 1837,20-30m,3.977864233968339
3236,Residential,Pre 1837,30-40m,3.8271604938271606
3237,Residential,Pre 1837,40-50m,6.0
3238,Residential,Pre 1837,50-100m,3.0
3239,Residential,Pre 1837,100-200m,4.0
3240,Residential,Pre 1919,0-2m,2.0
3241,Residential,Pre 1919,2-3m,2.0
3242,Residential,Pre 1919,3-4m,1.7724137931034483
3243,Residential,Pre 1919,4-5m,1.828308635666837
3244,Residential,Pre 1919,5-6m,1.7236417762341851
3245,Residential,Pre 1919,6-7m,1.9465029720571079
3246,Residential,Pre 1919,7-8m,1.8886009704544877
3247,Residential,Pre 1919,8-9m,2.031969160901938
3248,Residential,Pre 1919,9-10m,2.0333861322920885
3249,Residential,Pre 1919,10-12m,2.5167045862770925
3250,Residential,Pre 1919,12-14m,2.889075227599425
3251,Residential,Pre 1919,14-18m,3.7602704108164327
3252,Residential,Pre 1919,18-20m,4.57487922705314
3253,Residential,Pre 1919,20-30m,4.037542662116041
3254,Residential,Pre 1919,30-40m,4.206896551724138
3256,Residential,Pre 1919,50-100m,4.8
3257,Residential,Pre 1919,100-200m,3.0
3276,Residential,Unknown date,0-2m,1.9667458432304037
3277,Residential,Unknown date,2-3m,1.9569288389513109
3278,Residential,Unknown date,3-4m,1.0141357712753676
3279,Residential,Unknown date,4-5m,1.9645397881197277
3280,Residential,Unknown date,5-6m,1.9872368860674907
3281,Residential,Unknown date,6-7m,2.0218269609775326
3282,Residential,Unknown date,7-8m,2.0166329614397056
3283,Residential,Unknown date,8-9m,2.020684241466342
3284,Residential,Unknown date,9-10m,2.0210325548737993
3285,Residential,Unknown date,10-12m,2.1431000283366393
3286,Residential,Unknown date,12-14m,2.393472531927833
3287,Residential,Unknown date,14-18m,2.4297245963912633
3288,Residential,Unknown date,18-20m,2.6330150068212825
3289,Residential,Unknown date,20-30m,2.593484419263456
3290,Residential,Unknown date,30-40m,2.4819277108433737
3291,Residential,Unknown date,40-50m,2.731707317073171
3292,Residential,Unknown date,50-100m,6.797872340425532
3293,Residential,Unknown date,100-200m,5.77906976744186
